,model,dataset,trial,run,score,performance_measure,regularization,n_train
0,g1,gtzan,0,0,0.5446613375655672,f1_score_macro,,
1,g1,gtzan,0,1,0.5313760468806569,f1_score_macro,,
2,g1,gtzan,0,2,0.5409685604003475,f1_score_macro,,
3,g1,gtzan,0,3,0.5400313742126527,f1_score_macro,,
4,g1,gtzan,0,4,0.5408602593208098,f1_score_macro,,
5,vqcodebook128,gtzan,0,0,0.5326916342849546,f1_score_macro,,
6,vqcodebook128,gtzan,0,1,0.5252288389184441,f1_score_macro,,
7,vqcodebook128,gtzan,0,2,0.5348977937854489,f1_score_macro,,
8,vqcodebook128,gtzan,0,3,0.5198045713726112,f1_score_macro,,
9,vqcodebook128,gtzan,0,4,0.5317849514386179,f1_score_macro,,
10,vqcodebook32,gtzan,0,0,0.4507626202989643,f1_score_macro,,
11,vqcodebook32,gtzan,0,1,0.4334222583409938,f1_score_macro,,
12,vqcodebook32,gtzan,0,2,0.4507626202989643,f1_score_macro,,
13,vqcodebook32,gtzan,0,3,0.4507626202989643,f1_score_macro,,
14,vqcodebook32,gtzan,0,4,0.4507626202989643,f1_score_macro,,
15,vqcodebook64,gtzan,0,0,0.5019247958218613,f1_score_macro,,
16,vqcodebook64,gtzan,0,1,0.502197733765148,f1_score_macro,,
17,vqcodebook64,gtzan,0,2,0.506819879182153,f1_score_macro,,
18,vqcodebook64,gtzan,0,3,0.477365530901028,f1_score_macro,,
19,vqcodebook64,gtzan,0,4,0.5051398012671798,f1_score_macro,,
20,vqcodebook256,gtzan,0,0,0.574238850240336,f1_score_macro,,
21,vqcodebook256,gtzan,0,1,0.5775684128346046,f1_score_macro,,
22,vqcodebook256,gtzan,0,2,0.5775684128346046,f1_score_macro,,
23,vqcodebook256,gtzan,0,3,0.5775684128346046,f1_score_macro,,
24,vqcodebook256,gtzan,0,4,0.5775684128346046,f1_score_macro,,
25,vqcodebook32,gtzan,1,0,0.4507626202989643,f1_score_macro,,
26,vqcodebook32,gtzan,1,1,0.4334222583409938,f1_score_macro,,
27,vqcodebook32,gtzan,1,2,0.4507626202989643,f1_score_macro,,
28,vqcodebook32,gtzan,1,3,0.4507626202989643,f1_score_macro,,
29,vqcodebook32,gtzan,1,4,0.4507626202989643,f1_score_macro,,
30,vqcodebook128,gtzan,1,0,0.5326916342849546,f1_score_macro,,
31,vqcodebook128,gtzan,1,1,0.5221109727644131,f1_score_macro,,
32,vqcodebook128,gtzan,1,2,0.534380628908489,f1_score_macro,,
33,vqcodebook128,gtzan,1,3,0.5194690077533215,f1_score_macro,,
34,vqcodebook128,gtzan,1,4,0.5279831494461222,f1_score_macro,,
35,vqcodebook64,gtzan,1,0,0.5019247958218613,f1_score_macro,,
36,vqcodebook64,gtzan,1,1,0.502197733765148,f1_score_macro,,
37,vqcodebook64,gtzan,1,2,0.506819879182153,f1_score_macro,,
38,vqcodebook64,gtzan,1,3,0.477365530901028,f1_score_macro,,
39,vqcodebook64,gtzan,1,4,0.5051398012671798,f1_score_macro,,
40,vqcodebook256,gtzan,1,0,0.574238850240336,f1_score_macro,,
41,vqcodebook256,gtzan,1,1,0.5775684128346046,f1_score_macro,,
42,vqcodebook256,gtzan,1,2,0.5775684128346046,f1_score_macro,,
43,vqcodebook256,gtzan,1,3,0.5775684128346046,f1_score_macro,,
44,vqcodebook256,gtzan,1,4,0.5775684128346046,f1_score_macro,,
45,vqcodebook32,gtzan,2,0,0.4507626202989643,f1_score_macro,,
46,vqcodebook32,gtzan,2,1,0.4334222583409938,f1_score_macro,,
47,vqcodebook32,gtzan,2,2,0.4507626202989643,f1_score_macro,,
48,vqcodebook32,gtzan,2,3,0.4507626202989643,f1_score_macro,,
49,vqcodebook32,gtzan,2,4,0.4507626202989643,f1_score_macro,,
50,vqcodebook128,gtzan,2,0,0.5326916342849546,f1_score_macro,,
51,vqcodebook128,gtzan,2,1,0.5221109727644131,f1_score_macro,,
52,vqcodebook128,gtzan,2,2,0.534380628908489,f1_score_macro,,
53,vqcodebook128,gtzan,2,3,0.5194690077533215,f1_score_macro,,
54,vqcodebook128,gtzan,2,4,0.5279831494461222,f1_score_macro,,
55,vqcodebook64,gtzan,2,0,0.5019247958218613,f1_score_macro,,
56,vqcodebook64,gtzan,2,1,0.502197733765148,f1_score_macro,,
57,vqcodebook64,gtzan,2,2,0.506819879182153,f1_score_macro,,
58,vqcodebook64,gtzan,2,3,0.48068935320951456,f1_score_macro,,
59,vqcodebook64,gtzan,2,4,0.5051398012671798,f1_score_macro,,
60,vqcodebook256,gtzan,2,0,0.5803862224759435,f1_score_macro,,
61,vqcodebook256,gtzan,2,1,0.5775684128346046,f1_score_macro,,
62,vqcodebook256,gtzan,2,2,0.5838514193073643,f1_score_macro,,
63,vqcodebook256,gtzan,2,3,0.5775684128346046,f1_score_macro,,
64,vqcodebook256,gtzan,2,4,0.5775684128346046,f1_score_macro,,
65,hdpgmm,gtzan,0,0,0.5959634285421638,f1_score_macro,0.0001,200k
66,hdpgmm,gtzan,0,1,0.5959634285421638,f1_score_macro,0.0001,200k
67,hdpgmm,gtzan,0,2,0.5830839293370598,f1_score_macro,0.0001,200k
68,hdpgmm,gtzan,0,3,0.5833317004926972,f1_score_macro,0.0001,200k
69,hdpgmm,gtzan,0,4,0.5897730220783839,f1_score_macro,0.0001,200k
70,hdpgmm,gtzan,0,0,0.5946314060451502,f1_score_macro,0.01,200k
71,hdpgmm,gtzan,0,1,0.590968665017595,f1_score_macro,0.01,200k
72,hdpgmm,gtzan,0,2,0.5946314060451502,f1_score_macro,0.01,200k
73,hdpgmm,gtzan,0,3,0.594301181175856,f1_score_macro,0.01,200k
74,hdpgmm,gtzan,0,4,0.5949312910664235,f1_score_macro,0.01,200k
75,hdpgmm,gtzan,0,0,0.6336690623864321,f1_score_macro,0.1,200k
76,hdpgmm,gtzan,0,1,0.6403209894654566,f1_score_macro,0.1,200k
77,hdpgmm,gtzan,0,2,0.6434811508691145,f1_score_macro,0.1,200k
78,hdpgmm,gtzan,0,3,0.643025777293546,f1_score_macro,0.1,200k
79,hdpgmm,gtzan,0,4,0.6406597764799259,f1_score_macro,0.1,200k
80,hdpgmm,gtzan,0,0,0.5871826298393523,f1_score_macro,0.001,200k
81,hdpgmm,gtzan,0,1,0.5905485433133628,f1_score_macro,0.001,200k
82,hdpgmm,gtzan,0,2,0.5604403558906357,f1_score_macro,0.001,200k
83,hdpgmm,gtzan,0,3,0.6045578631386535,f1_score_macro,0.001,200k
84,hdpgmm,gtzan,0,4,0.5911193849011536,f1_score_macro,0.001,200k
85,hdpgmm,gtzan,1,0,0.5860023169866424,f1_score_macro,0.001,200k
86,hdpgmm,gtzan,1,1,0.5893575724543589,f1_score_macro,0.001,200k
87,hdpgmm,gtzan,1,2,0.5855079870855328,f1_score_macro,0.001,200k
88,hdpgmm,gtzan,1,3,0.5889283397204411,f1_score_macro,0.001,200k
89,hdpgmm,gtzan,1,4,0.5854093819869277,f1_score_macro,0.001,200k
90,hdpgmm,gtzan,1,0,0.6543108562047432,f1_score_macro,0.1,200k
91,hdpgmm,gtzan,1,1,0.6518114046818256,f1_score_macro,0.1,200k
92,hdpgmm,gtzan,1,2,0.6590173114556137,f1_score_macro,0.1,200k
93,hdpgmm,gtzan,1,3,0.6544811571011658,f1_score_macro,0.1,200k
94,hdpgmm,gtzan,1,4,0.6544811571011658,f1_score_macro,0.1,200k
95,hdpgmm,gtzan,1,0,0.6243902632648677,f1_score_macro,0.01,200k
96,hdpgmm,gtzan,1,1,0.6247623079641627,f1_score_macro,0.01,200k
97,hdpgmm,gtzan,1,2,0.6093104956180777,f1_score_macro,0.01,200k
98,hdpgmm,gtzan,1,3,0.6223404505658371,f1_score_macro,0.01,200k
99,hdpgmm,gtzan,1,4,0.6247623079641627,f1_score_macro,0.01,200k
100,hdpgmm,gtzan,1,0,0.5840228557628023,f1_score_macro,0.0001,200k
101,hdpgmm,gtzan,1,1,0.5880127967973305,f1_score_macro,0.0001,200k
102,hdpgmm,gtzan,1,2,0.5865755991235516,f1_score_macro,0.0001,200k
103,hdpgmm,gtzan,1,3,0.5840228557628023,f1_score_macro,0.0001,200k
104,hdpgmm,gtzan,1,4,0.5774277892253694,f1_score_macro,0.0001,200k
105,hdpgmm,gtzan,2,0,0.5371539917003176,f1_score_macro,0.001,200k
106,hdpgmm,gtzan,2,1,0.5786977740743658,f1_score_macro,0.001,200k
107,hdpgmm,gtzan,2,2,0.5752881361682057,f1_score_macro,0.001,200k
108,hdpgmm,gtzan,2,3,0.5407301499934571,f1_score_macro,0.001,200k
109,hdpgmm,gtzan,2,4,0.5394527649444093,f1_score_macro,0.001,200k
110,hdpgmm,gtzan,2,0,0.556569086060111,f1_score_macro,0.0001,200k
111,hdpgmm,gtzan,2,1,0.5607346757433885,f1_score_macro,0.0001,200k
112,hdpgmm,gtzan,2,2,0.5590729459824703,f1_score_macro,0.0001,200k
113,hdpgmm,gtzan,2,3,0.5614123753439585,f1_score_macro,0.0001,200k
114,hdpgmm,gtzan,2,4,0.5460637743922818,f1_score_macro,0.0001,200k
115,hdpgmm,gtzan,2,0,0.6445898084429529,f1_score_macro,0.1,200k
116,hdpgmm,gtzan,2,1,0.6475490927213629,f1_score_macro,0.1,200k
117,hdpgmm,gtzan,2,2,0.6445898084429529,f1_score_macro,0.1,200k
118,hdpgmm,gtzan,2,3,0.6416854396527717,f1_score_macro,0.1,200k
119,hdpgmm,gtzan,2,4,0.646283906294886,f1_score_macro,0.1,200k
120,hdpgmm,gtzan,2,0,0.5871062396581375,f1_score_macro,0.01,200k
121,hdpgmm,gtzan,2,1,0.5935568781562581,f1_score_macro,0.01,200k
122,hdpgmm,gtzan,2,2,0.5930941124694821,f1_score_macro,0.01,200k
123,hdpgmm,gtzan,2,3,0.5912099518577163,f1_score_macro,0.01,200k
124,hdpgmm,gtzan,2,4,0.5941424831329459,f1_score_macro,0.01,200k
125,kim,gtzan,0,0,0.5284052982607385,f1_score_macro,,
126,kim,gtzan,0,1,0.5237723468126376,f1_score_macro,,
127,kim,gtzan,0,2,0.5237723468126376,f1_score_macro,,
128,kim,gtzan,0,3,0.5342236864939649,f1_score_macro,,
129,kim,gtzan,0,4,0.5280094292701054,f1_score_macro,,
130,kim,gtzan,1,0,0.5733780012033742,f1_score_macro,,
131,kim,gtzan,1,1,0.5827330347093511,f1_score_macro,,
132,kim,gtzan,1,2,0.5824415197468353,f1_score_macro,,
133,kim,gtzan,1,3,0.58163381029942,f1_score_macro,,
134,kim,gtzan,1,4,0.578302111362065,f1_score_macro,,
135,kim,gtzan,2,0,0.5392287557496556,f1_score_macro,,
136,kim,gtzan,2,1,0.5085021092963473,f1_score_macro,,
137,kim,gtzan,2,2,0.5101175086186164,f1_score_macro,,
138,kim,gtzan,2,3,0.5080191047944704,f1_score_macro,,
139,kim,gtzan,2,4,0.5281004041929219,f1_score_macro,,
140,clmr,gtzan,0,0,0.7047974060884254,f1_score_macro,,
141,clmr,gtzan,0,1,0.6860129796789382,f1_score_macro,,
142,clmr,gtzan,0,2,0.7047974060884254,f1_score_macro,,
143,clmr,gtzan,0,3,0.7047974060884254,f1_score_macro,,
144,clmr,gtzan,0,4,0.6737791750250761,f1_score_macro,,
145,clmr,gtzan,1,0,0.6985424207698331,f1_score_macro,,
146,clmr,gtzan,1,1,0.6023910316314589,f1_score_macro,,
147,clmr,gtzan,1,2,0.7019499085128442,f1_score_macro,,
148,clmr,gtzan,1,3,0.6018816264191849,f1_score_macro,,
149,clmr,gtzan,1,4,0.7019499085128442,f1_score_macro,,
150,clmr,gtzan,2,0,0.649694440463365,f1_score_macro,,
151,clmr,gtzan,2,1,0.6454919022929423,f1_score_macro,,
152,clmr,gtzan,2,2,0.6501414572147296,f1_score_macro,,
153,clmr,gtzan,2,3,0.6504696274964602,f1_score_macro,,
154,clmr,gtzan,2,4,0.649694440463365,f1_score_macro,,
155,hdpgmm,gtzan,0,0,0.6255667075227421,f1_score_macro,0.1,2k
156,hdpgmm,gtzan,0,1,0.6256496292126889,f1_score_macro,0.1,2k
157,hdpgmm,gtzan,0,2,0.6241539870927892,f1_score_macro,0.1,2k
158,hdpgmm,gtzan,0,3,0.6245959464861772,f1_score_macro,0.1,2k
159,hdpgmm,gtzan,0,4,0.6255667075227421,f1_score_macro,0.1,2k
160,hdpgmm,gtzan,0,0,0.5899048688208459,f1_score_macro,0.1,2k
161,hdpgmm,gtzan,0,1,0.590103310563032,f1_score_macro,0.1,2k
162,hdpgmm,gtzan,0,2,0.590103310563032,f1_score_macro,0.1,2k
163,hdpgmm,gtzan,0,3,0.58023110649436,f1_score_macro,0.1,2k
164,hdpgmm,gtzan,0,4,0.5808448038940608,f1_score_macro,0.1,2k
165,hdpgmm,gtzan,0,0,0.6061192941328356,f1_score_macro,0.1,2k
166,hdpgmm,gtzan,0,1,0.5987224543769321,f1_score_macro,0.1,2k
167,hdpgmm,gtzan,0,2,0.6064206462779103,f1_score_macro,0.1,2k
168,hdpgmm,gtzan,0,3,0.6069368321006084,f1_score_macro,0.1,2k
169,hdpgmm,gtzan,0,4,0.599077611383646,f1_score_macro,0.1,2k
170,hdpgmm,gtzan,0,0,0.624829802489501,f1_score_macro,0.1,2k
171,hdpgmm,gtzan,0,1,0.6308638256245762,f1_score_macro,0.1,2k
172,hdpgmm,gtzan,0,2,0.6280860403428402,f1_score_macro,0.1,2k
173,hdpgmm,gtzan,0,3,0.624829802489501,f1_score_macro,0.1,2k
174,hdpgmm,gtzan,0,4,0.6249171124037716,f1_score_macro,0.1,2k
175,hdpgmm,gtzan,0,0,0.6419002935611473,f1_score_macro,0.1,2k
176,hdpgmm,gtzan,0,1,0.6387666388830386,f1_score_macro,0.1,2k
177,hdpgmm,gtzan,0,2,0.6419002935611473,f1_score_macro,0.1,2k
178,hdpgmm,gtzan,0,3,0.6445082738161865,f1_score_macro,0.1,2k
179,hdpgmm,gtzan,0,4,0.643021897251979,f1_score_macro,0.1,2k
180,hdpgmm,gtzan,1,0,0.5905510590459597,f1_score_macro,0.1,2k
181,hdpgmm,gtzan,1,1,0.6084800670134127,f1_score_macro,0.1,2k
182,hdpgmm,gtzan,1,2,0.5905510590459597,f1_score_macro,0.1,2k
183,hdpgmm,gtzan,1,3,0.5906348220978594,f1_score_macro,0.1,2k
184,hdpgmm,gtzan,1,4,0.6084338480259567,f1_score_macro,0.1,2k
185,hdpgmm,gtzan,1,0,0.6386457538313899,f1_score_macro,0.1,2k
186,hdpgmm,gtzan,1,1,0.6415392438034806,f1_score_macro,0.1,2k
187,hdpgmm,gtzan,1,2,0.6415392438034806,f1_score_macro,0.1,2k
188,hdpgmm,gtzan,1,3,0.6458089544531795,f1_score_macro,0.1,2k
189,hdpgmm,gtzan,1,4,0.6462646320313145,f1_score_macro,0.1,2k
190,hdpgmm,gtzan,1,0,0.6150159918281262,f1_score_macro,0.1,2k
191,hdpgmm,gtzan,1,1,0.6174912707401352,f1_score_macro,0.1,2k
192,hdpgmm,gtzan,1,2,0.6140457766521075,f1_score_macro,0.1,2k
193,hdpgmm,gtzan,1,3,0.6084370437150826,f1_score_macro,0.1,2k
194,hdpgmm,gtzan,1,4,0.6174912707401352,f1_score_macro,0.1,2k
195,hdpgmm,gtzan,1,0,0.6082307772433613,f1_score_macro,0.1,2k
196,hdpgmm,gtzan,1,1,0.6082307772433613,f1_score_macro,0.1,2k
197,hdpgmm,gtzan,1,2,0.6133350643677546,f1_score_macro,0.1,2k
198,hdpgmm,gtzan,1,3,0.6133350643677546,f1_score_macro,0.1,2k
199,hdpgmm,gtzan,1,4,0.6082307772433613,f1_score_macro,0.1,2k
200,hdpgmm,gtzan,1,0,0.6135099892508944,f1_score_macro,0.1,2k
201,hdpgmm,gtzan,1,1,0.613216969899853,f1_score_macro,0.1,2k
202,hdpgmm,gtzan,1,2,0.613216969899853,f1_score_macro,0.1,2k
203,hdpgmm,gtzan,1,3,0.6164537518087018,f1_score_macro,0.1,2k
204,hdpgmm,gtzan,1,4,0.5878108751370481,f1_score_macro,0.1,2k
205,hdpgmm,gtzan,2,0,0.605479331003178,f1_score_macro,0.1,2k
206,hdpgmm,gtzan,2,1,0.6319140450112652,f1_score_macro,0.1,2k
207,hdpgmm,gtzan,2,2,0.5961324323804174,f1_score_macro,0.1,2k
208,hdpgmm,gtzan,2,3,0.6362646943619146,f1_score_macro,0.1,2k
209,hdpgmm,gtzan,2,4,0.5995275123919357,f1_score_macro,0.1,2k
210,hdpgmm,gtzan,2,0,0.5884423786443679,f1_score_macro,0.1,2k
211,hdpgmm,gtzan,2,1,0.5884614331838698,f1_score_macro,0.1,2k
212,hdpgmm,gtzan,2,2,0.5850014952403171,f1_score_macro,0.1,2k
213,hdpgmm,gtzan,2,3,0.5796397283883545,f1_score_macro,0.1,2k
214,hdpgmm,gtzan,2,4,0.585295635461862,f1_score_macro,0.1,2k
215,hdpgmm,gtzan,2,0,0.642267941120117,f1_score_macro,0.1,2k
216,hdpgmm,gtzan,2,1,0.6477974174807678,f1_score_macro,0.1,2k
217,hdpgmm,gtzan,2,2,0.642267941120117,f1_score_macro,0.1,2k
218,hdpgmm,gtzan,2,3,0.6454329242851001,f1_score_macro,0.1,2k
219,hdpgmm,gtzan,2,4,0.6448087146669639,f1_score_macro,0.1,2k
220,hdpgmm,gtzan,2,0,0.5814328812883298,f1_score_macro,0.1,2k
221,hdpgmm,gtzan,2,1,0.5841932545791914,f1_score_macro,0.1,2k
222,hdpgmm,gtzan,2,2,0.5839787306059783,f1_score_macro,0.1,2k
223,hdpgmm,gtzan,2,3,0.5809680829287946,f1_score_macro,0.1,2k
224,hdpgmm,gtzan,2,4,0.5734503900215411,f1_score_macro,0.1,2k
225,hdpgmm,gtzan,2,0,0.6041713569918622,f1_score_macro,0.1,2k
226,hdpgmm,gtzan,2,1,0.5981453862542696,f1_score_macro,0.1,2k
227,hdpgmm,gtzan,2,2,0.6041713569918622,f1_score_macro,0.1,2k
228,hdpgmm,gtzan,2,3,0.610255382439049,f1_score_macro,0.1,2k
229,hdpgmm,gtzan,2,4,0.6178946811354761,f1_score_macro,0.1,2k
230,hdpgmm,gtzan,0,0,0.6176081926307603,f1_score_macro,0.1,20k
231,hdpgmm,gtzan,0,1,0.6207198591083785,f1_score_macro,0.1,20k
232,hdpgmm,gtzan,0,2,0.6223813678963143,f1_score_macro,0.1,20k
233,hdpgmm,gtzan,0,3,0.6217597783622704,f1_score_macro,0.1,20k
234,hdpgmm,gtzan,0,4,0.6259383489103036,f1_score_macro,0.1,20k
235,hdpgmm,gtzan,0,0,0.6302540124396835,f1_score_macro,0.1,20k
236,hdpgmm,gtzan,0,1,0.6302540124396835,f1_score_macro,0.1,20k
237,hdpgmm,gtzan,0,2,0.6344088973979806,f1_score_macro,0.1,20k
238,hdpgmm,gtzan,0,3,0.6306227807951946,f1_score_macro,0.1,20k
239,hdpgmm,gtzan,0,4,0.6300153030625285,f1_score_macro,0.1,20k
240,hdpgmm,gtzan,0,0,0.6246903546086147,f1_score_macro,0.1,20k
241,hdpgmm,gtzan,0,1,0.6177404218771414,f1_score_macro,0.1,20k
242,hdpgmm,gtzan,0,2,0.6246903546086147,f1_score_macro,0.1,20k
243,hdpgmm,gtzan,0,3,0.6213570212752814,f1_score_macro,0.1,20k
244,hdpgmm,gtzan,0,4,0.6176333762070919,f1_score_macro,0.1,20k
245,hdpgmm,gtzan,0,0,0.6416127293346061,f1_score_macro,0.1,20k
246,hdpgmm,gtzan,0,1,0.6476688953907722,f1_score_macro,0.1,20k
247,hdpgmm,gtzan,0,2,0.631818972801413,f1_score_macro,0.1,20k
248,hdpgmm,gtzan,0,3,0.6453458833161528,f1_score_macro,0.1,20k
249,hdpgmm,gtzan,0,4,0.6343565466086032,f1_score_macro,0.1,20k
250,hdpgmm,gtzan,0,0,0.6105359580640142,f1_score_macro,0.1,20k
251,hdpgmm,gtzan,0,1,0.6101584121126977,f1_score_macro,0.1,20k
252,hdpgmm,gtzan,0,2,0.6101584121126977,f1_score_macro,0.1,20k
253,hdpgmm,gtzan,0,3,0.6195906622168067,f1_score_macro,0.1,20k
254,hdpgmm,gtzan,0,4,0.6105359580640142,f1_score_macro,0.1,20k
255,hdpgmm,gtzan,1,0,0.6111078963530451,f1_score_macro,0.1,20k
256,hdpgmm,gtzan,1,1,0.647542899448898,f1_score_macro,0.1,20k
257,hdpgmm,gtzan,1,2,0.6343503440258209,f1_score_macro,0.1,20k
258,hdpgmm,gtzan,1,3,0.6343503440258209,f1_score_macro,0.1,20k
259,hdpgmm,gtzan,1,4,0.5968496298158479,f1_score_macro,0.1,20k
260,hdpgmm,gtzan,1,0,0.5780721116277159,f1_score_macro,0.1,20k
261,hdpgmm,gtzan,1,1,0.6056531344281421,f1_score_macro,0.1,20k
262,hdpgmm,gtzan,1,2,0.6084377794890035,f1_score_macro,0.1,20k
263,hdpgmm,gtzan,1,3,0.5814121335339142,f1_score_macro,0.1,20k
264,hdpgmm,gtzan,1,4,0.6084377794890035,f1_score_macro,0.1,20k
265,hdpgmm,gtzan,1,0,0.6184185877491989,f1_score_macro,0.1,20k
266,hdpgmm,gtzan,1,1,0.619662392876054,f1_score_macro,0.1,20k
267,hdpgmm,gtzan,1,2,0.619662392876054,f1_score_macro,0.1,20k
268,hdpgmm,gtzan,1,3,0.6188461112518473,f1_score_macro,0.1,20k
269,hdpgmm,gtzan,1,4,0.6291325578739646,f1_score_macro,0.1,20k
270,hdpgmm,gtzan,1,0,0.6346221881042194,f1_score_macro,0.1,20k
271,hdpgmm,gtzan,1,1,0.6313087855994292,f1_score_macro,0.1,20k
272,hdpgmm,gtzan,1,2,0.6511934612713258,f1_score_macro,0.1,20k
273,hdpgmm,gtzan,1,3,0.6346221881042194,f1_score_macro,0.1,20k
274,hdpgmm,gtzan,1,4,0.6546614635237388,f1_score_macro,0.1,20k
275,hdpgmm,gtzan,1,0,0.6149006279594793,f1_score_macro,0.1,20k
276,hdpgmm,gtzan,1,1,0.6122448120722067,f1_score_macro,0.1,20k
277,hdpgmm,gtzan,1,2,0.6258112496497252,f1_score_macro,0.1,20k
278,hdpgmm,gtzan,1,3,0.6218887908568814,f1_score_macro,0.1,20k
279,hdpgmm,gtzan,1,4,0.6287212252511093,f1_score_macro,0.1,20k
280,hdpgmm,gtzan,2,0,0.613928567184644,f1_score_macro,0.1,20k
281,hdpgmm,gtzan,2,1,0.6098051336339749,f1_score_macro,0.1,20k
282,hdpgmm,gtzan,2,2,0.6276055657402478,f1_score_macro,0.1,20k
283,hdpgmm,gtzan,2,3,0.6343215229527612,f1_score_macro,0.1,20k
284,hdpgmm,gtzan,2,4,0.6054524882362865,f1_score_macro,0.1,20k
285,hdpgmm,gtzan,2,0,0.59910295896567,f1_score_macro,0.1,20k
286,hdpgmm,gtzan,2,1,0.612114205275921,f1_score_macro,0.1,20k
287,hdpgmm,gtzan,2,2,0.5881573687958795,f1_score_macro,0.1,20k
288,hdpgmm,gtzan,2,3,0.5979221561066647,f1_score_macro,0.1,20k
289,hdpgmm,gtzan,2,4,0.6065330195419464,f1_score_macro,0.1,20k
290,hdpgmm,gtzan,2,0,0.6471099426517591,f1_score_macro,0.1,20k
291,hdpgmm,gtzan,2,1,0.6440635193577978,f1_score_macro,0.1,20k
292,hdpgmm,gtzan,2,2,0.643051614614352,f1_score_macro,0.1,20k
293,hdpgmm,gtzan,2,3,0.6407835184127288,f1_score_macro,0.1,20k
294,hdpgmm,gtzan,2,4,0.643051614614352,f1_score_macro,0.1,20k
295,hdpgmm,gtzan,2,0,0.613517488733548,f1_score_macro,0.1,20k
296,hdpgmm,gtzan,2,1,0.613517488733548,f1_score_macro,0.1,20k
297,hdpgmm,gtzan,2,2,0.6202528762953007,f1_score_macro,0.1,20k
298,hdpgmm,gtzan,2,3,0.6194713151547933,f1_score_macro,0.1,20k
299,hdpgmm,gtzan,2,4,0.613517488733548,f1_score_macro,0.1,20k
300,hdpgmm,gtzan,2,0,0.6261202613398004,f1_score_macro,0.1,20k
301,hdpgmm,gtzan,2,1,0.6167759750818169,f1_score_macro,0.1,20k
302,hdpgmm,gtzan,2,2,0.6220455221278243,f1_score_macro,0.1,20k
303,hdpgmm,gtzan,2,3,0.6093526549197696,f1_score_macro,0.1,20k
304,hdpgmm,gtzan,2,4,0.6227490871416999,f1_score_macro,0.1,20k
305,clmr256,gtzan,0,0,0.6681516733575311,f1_score_macro,,
306,clmr256,gtzan,0,1,0.6681452150780167,f1_score_macro,,
307,clmr256,gtzan,0,2,0.6662254712893787,f1_score_macro,,
308,clmr256,gtzan,0,3,0.6511591419599141,f1_score_macro,,
309,clmr256,gtzan,0,4,0.6681452150780167,f1_score_macro,,
310,clmr256,gtzan,1,0,0.5952081214258931,f1_score_macro,,
311,clmr256,gtzan,1,1,0.5892423619877895,f1_score_macro,,
312,clmr256,gtzan,1,2,0.583457143201687,f1_score_macro,,
313,clmr256,gtzan,1,3,0.5892423619877895,f1_score_macro,,
314,clmr256,gtzan,1,4,0.591441497749622,f1_score_macro,,
315,clmr256,gtzan,2,0,0.6807517280722497,f1_score_macro,,
316,clmr256,gtzan,2,1,0.6779093949667587,f1_score_macro,,
317,clmr256,gtzan,2,2,0.6446183478626241,f1_score_macro,,
318,clmr256,gtzan,2,3,0.6442994210802827,f1_score_macro,,
319,clmr256,gtzan,2,4,0.6446183478626241,f1_score_macro,,
320,hdpgmm,echonest,2,0,0.02050548588425118,ndcg@500,0.01,200k
321,hdpgmm,echonest,2,1,0.020849520823068516,ndcg@500,0.01,200k
322,hdpgmm,echonest,2,2,0.020769940900439675,ndcg@500,0.01,200k
323,hdpgmm,echonest,2,3,0.020947633364248205,ndcg@500,0.01,200k
324,hdpgmm,echonest,2,4,0.021726613481648865,ndcg@500,0.01,200k
325,hdpgmm,echonest,2,0,0.015167031886094931,ndcg@500,0.0001,200k
326,hdpgmm,echonest,2,1,0.014770940939920143,ndcg@500,0.0001,200k
327,hdpgmm,echonest,2,2,0.0159791800852173,ndcg@500,0.0001,200k
328,hdpgmm,echonest,2,3,0.015363446511487166,ndcg@500,0.0001,200k
329,hdpgmm,echonest,2,4,0.016714438408684335,ndcg@500,0.0001,200k
330,hdpgmm,echonest,2,0,0.01873074161647515,ndcg@500,0.001,200k
331,hdpgmm,echonest,2,1,0.01877794525437756,ndcg@500,0.001,200k
332,hdpgmm,echonest,2,2,0.017842881306105098,ndcg@500,0.001,200k
333,hdpgmm,echonest,2,3,0.018990420376592144,ndcg@500,0.001,200k
334,hdpgmm,echonest,2,4,0.01860690319227202,ndcg@500,0.001,200k
335,hdpgmm,echonest,2,0,0.022626640548916926,ndcg@500,0.1,200k
336,hdpgmm,echonest,2,1,0.022785515617618112,ndcg@500,0.1,200k
337,hdpgmm,echonest,2,2,0.02117368608914041,ndcg@500,0.1,200k
338,hdpgmm,echonest,2,3,0.021707232394351367,ndcg@500,0.1,200k
339,hdpgmm,echonest,2,4,0.02190509810086168,ndcg@500,0.1,200k
340,hdpgmm,echonest,0,0,0.021221509817514923,ndcg@500,0.01,200k
341,hdpgmm,echonest,0,1,0.021173257036535536,ndcg@500,0.01,200k
342,hdpgmm,echonest,0,2,0.020941281254154415,ndcg@500,0.01,200k
343,hdpgmm,echonest,0,3,0.021739539611806715,ndcg@500,0.01,200k
344,hdpgmm,echonest,0,4,0.02259230001105422,ndcg@500,0.01,200k
345,hdpgmm,echonest,0,0,0.01799772830336844,ndcg@500,0.0001,200k
346,hdpgmm,echonest,0,1,0.017957819519081063,ndcg@500,0.0001,200k
347,hdpgmm,echonest,0,2,0.017562820826576283,ndcg@500,0.0001,200k
348,hdpgmm,echonest,0,3,0.01685573850443539,ndcg@500,0.0001,200k
349,hdpgmm,echonest,0,4,0.01776644082704368,ndcg@500,0.0001,200k
350,hdpgmm,echonest,0,0,0.018255531532104036,ndcg@500,0.001,200k
351,hdpgmm,echonest,0,1,0.017667819717555697,ndcg@500,0.001,200k
352,hdpgmm,echonest,0,2,0.017751096470224055,ndcg@500,0.001,200k
353,hdpgmm,echonest,0,3,0.017928206938852033,ndcg@500,0.001,200k
354,hdpgmm,echonest,0,4,0.017921465147432,ndcg@500,0.001,200k
355,hdpgmm,echonest,0,0,0.022855239334322586,ndcg@500,0.1,200k
356,hdpgmm,echonest,0,1,0.022901436193141115,ndcg@500,0.1,200k
357,hdpgmm,echonest,0,2,0.02181523495625838,ndcg@500,0.1,200k
358,hdpgmm,echonest,0,3,0.02253231502765694,ndcg@500,0.1,200k
359,hdpgmm,echonest,0,4,0.022876946528078337,ndcg@500,0.1,200k
360,hdpgmm,echonest,1,0,0.020526422333326032,ndcg@500,0.01,200k
361,hdpgmm,echonest,1,1,0.02099686782058205,ndcg@500,0.01,200k
362,hdpgmm,echonest,1,2,0.02055082925732541,ndcg@500,0.01,200k
363,hdpgmm,echonest,1,3,0.020546470964543734,ndcg@500,0.01,200k
364,hdpgmm,echonest,1,4,0.021742636510436543,ndcg@500,0.01,200k
365,hdpgmm,echonest,1,0,0.0142570237908333,ndcg@500,0.0001,200k
366,hdpgmm,echonest,1,1,0.015082693947732182,ndcg@500,0.0001,200k
367,hdpgmm,echonest,1,2,0.013885944393613977,ndcg@500,0.0001,200k
368,hdpgmm,echonest,1,3,0.014733615750069734,ndcg@500,0.0001,200k
369,hdpgmm,echonest,1,4,0.014858166890511398,ndcg@500,0.0001,200k
370,hdpgmm,echonest,1,0,0.018000356118774156,ndcg@500,0.001,200k
371,hdpgmm,echonest,1,1,0.018148531462137504,ndcg@500,0.001,200k
372,hdpgmm,echonest,1,2,0.017431978146071204,ndcg@500,0.001,200k
373,hdpgmm,echonest,1,3,0.01728664626155469,ndcg@500,0.001,200k
374,hdpgmm,echonest,1,4,0.017939852710487314,ndcg@500,0.001,200k
375,hdpgmm,echonest,1,0,0.021367109919486177,ndcg@500,0.1,200k
376,hdpgmm,echonest,1,1,0.021212114892251648,ndcg@500,0.1,200k
377,hdpgmm,echonest,1,2,0.021520970514171532,ndcg@500,0.1,200k
378,hdpgmm,echonest,1,3,0.02214195099667456,ndcg@500,0.1,200k
379,hdpgmm,echonest,1,4,0.022285560797184252,ndcg@500,0.1,200k
380,vqcodebook32,echonest,0,0,0.010625895664001383,ndcg@500,,
381,vqcodebook32,echonest,0,1,0.011793588841160416,ndcg@500,,
382,vqcodebook32,echonest,0,2,0.010943801519736831,ndcg@500,,
383,vqcodebook32,echonest,0,3,0.012260569682630822,ndcg@500,,
384,vqcodebook32,echonest,0,4,0.011910954402511196,ndcg@500,,
385,vqcodebook64,echonest,0,0,0.010480738967581702,ndcg@500,,
386,vqcodebook64,echonest,0,1,0.01063902245408296,ndcg@500,,
387,vqcodebook64,echonest,0,2,0.011017643875292363,ndcg@500,,
388,vqcodebook64,echonest,0,3,0.010733368620850293,ndcg@500,,
389,vqcodebook64,echonest,0,4,0.011074839431902444,ndcg@500,,
390,vqcodebook128,echonest,0,0,0.012404798364763598,ndcg@500,,
391,vqcodebook128,echonest,0,1,0.013276263825476465,ndcg@500,,
392,vqcodebook128,echonest,0,2,0.013117949820693208,ndcg@500,,
393,vqcodebook128,echonest,0,3,0.013823314398727252,ndcg@500,,
394,vqcodebook128,echonest,0,4,0.013792702140767707,ndcg@500,,
395,vqcodebook256,echonest,0,0,0.01567891558292695,ndcg@500,,
396,vqcodebook256,echonest,0,1,0.01506527635964631,ndcg@500,,
397,vqcodebook256,echonest,0,2,0.01525120419860097,ndcg@500,,
398,vqcodebook256,echonest,0,3,0.015721464748942884,ndcg@500,,
399,vqcodebook256,echonest,0,4,0.015816572826975163,ndcg@500,,
400,clmr,echonest,2,0,0.03597134043969764,ndcg@500,,
401,clmr,echonest,2,1,0.034523306032119054,ndcg@500,,
402,clmr,echonest,2,2,0.03530133720473229,ndcg@500,,
403,clmr,echonest,2,3,0.03521849300680039,ndcg@500,,
404,clmr,echonest,2,4,0.03658768269788433,ndcg@500,,
405,clmr,echonest,0,0,0.03749043356098393,ndcg@500,,
406,clmr,echonest,0,1,0.03379626268458785,ndcg@500,,
407,clmr,echonest,0,2,0.03534796958832252,ndcg@500,,
408,clmr,echonest,0,3,0.034722750824764524,ndcg@500,,
409,clmr,echonest,0,4,0.03369089907824454,ndcg@500,,
410,clmr,echonest,1,0,0.03460278066164635,ndcg@500,,
411,clmr,echonest,1,1,0.03357636514426742,ndcg@500,,
412,clmr,echonest,1,2,0.03523736858534597,ndcg@500,,
413,clmr,echonest,1,3,0.03502577777444904,ndcg@500,,
414,clmr,echonest,1,4,0.035233669933330394,ndcg@500,,
415,g1,echonest,0,0,0.02343366106182649,ndcg@500,,
416,g1,echonest,0,1,0.022451107315825537,ndcg@500,,
417,g1,echonest,0,2,0.022946260765183767,ndcg@500,,
418,g1,echonest,0,3,0.024339566379993044,ndcg@500,,
419,g1,echonest,0,4,0.025153160298050946,ndcg@500,,
420,kim,echonest,2,0,0.027140637905625542,ndcg@500,,
421,kim,echonest,2,1,0.025646750991111755,ndcg@500,,
422,kim,echonest,2,2,0.025588137941444555,ndcg@500,,
423,kim,echonest,2,3,0.02724915779162379,ndcg@500,,
424,kim,echonest,2,4,0.026910227652112532,ndcg@500,,
425,kim,echonest,0,0,0.025983245373150915,ndcg@500,,
426,kim,echonest,0,1,0.02556855066499043,ndcg@500,,
427,kim,echonest,0,2,0.02631085665270977,ndcg@500,,
428,kim,echonest,0,3,0.027722347405217736,ndcg@500,,
429,kim,echonest,0,4,0.027105495067218245,ndcg@500,,
430,kim,echonest,1,0,0.0242784000254768,ndcg@500,,
431,kim,echonest,1,1,0.02370885794379522,ndcg@500,,
432,kim,echonest,1,2,0.022411697007632292,ndcg@500,,
433,kim,echonest,1,3,0.025213358382739977,ndcg@500,,
434,kim,echonest,1,4,0.024646624501742955,ndcg@500,,
435,hdpgmm,echonest,2,0,0.017514137137594487,ndcg@500,0.1,20k
436,hdpgmm,echonest,2,1,0.018858866167863614,ndcg@500,0.1,20k
437,hdpgmm,echonest,2,2,0.018306937638222186,ndcg@500,0.1,20k
438,hdpgmm,echonest,2,3,0.017932622500357494,ndcg@500,0.1,20k
439,hdpgmm,echonest,2,4,0.01952280146845872,ndcg@500,0.1,20k
440,hdpgmm,echonest,2,0,0.019692330387666393,ndcg@500,0.1,20k
441,hdpgmm,echonest,2,1,0.01946429541757546,ndcg@500,0.1,20k
442,hdpgmm,echonest,2,2,0.018464016586562618,ndcg@500,0.1,20k
443,hdpgmm,echonest,2,3,0.020250232826648028,ndcg@500,0.1,20k
444,hdpgmm,echonest,2,4,0.02004992593578075,ndcg@500,0.1,20k
445,hdpgmm,echonest,2,0,0.01820987798405107,ndcg@500,0.1,20k
446,hdpgmm,echonest,2,1,0.01826211933549556,ndcg@500,0.1,20k
447,hdpgmm,echonest,2,2,0.018782652434398965,ndcg@500,0.1,20k
448,hdpgmm,echonest,2,3,0.01846164765449738,ndcg@500,0.1,20k
449,hdpgmm,echonest,2,4,0.018992883032718334,ndcg@500,0.1,20k
450,hdpgmm,echonest,2,0,0.018696255547816214,ndcg@500,0.1,20k
451,hdpgmm,echonest,2,1,0.01904332888528954,ndcg@500,0.1,20k
452,hdpgmm,echonest,2,2,0.01792137662774135,ndcg@500,0.1,20k
453,hdpgmm,echonest,2,3,0.0197707356158393,ndcg@500,0.1,20k
454,hdpgmm,echonest,2,4,0.018029285387140843,ndcg@500,0.1,20k
455,hdpgmm,echonest,2,0,0.01845580767788497,ndcg@500,0.1,20k
456,hdpgmm,echonest,2,1,0.01910521114305837,ndcg@500,0.1,20k
457,hdpgmm,echonest,2,2,0.018826932023909768,ndcg@500,0.1,20k
458,hdpgmm,echonest,2,3,0.019522484226889354,ndcg@500,0.1,20k
459,hdpgmm,echonest,2,4,0.019411814606953934,ndcg@500,0.1,20k
460,hdpgmm,echonest,1,0,0.019163554173599762,ndcg@500,0.1,20k
461,hdpgmm,echonest,1,1,0.018596033358567278,ndcg@500,0.1,20k
462,hdpgmm,echonest,1,2,0.018620568046179727,ndcg@500,0.1,20k
463,hdpgmm,echonest,1,3,0.019964921503290628,ndcg@500,0.1,20k
464,hdpgmm,echonest,1,4,0.018677013749531922,ndcg@500,0.1,20k
465,hdpgmm,echonest,1,0,0.01825761381198413,ndcg@500,0.1,20k
466,hdpgmm,echonest,1,1,0.019057792416462965,ndcg@500,0.1,20k
467,hdpgmm,echonest,1,2,0.018728074542439185,ndcg@500,0.1,20k
468,hdpgmm,echonest,1,3,0.01824136599083407,ndcg@500,0.1,20k
469,hdpgmm,echonest,1,4,0.019505288028023326,ndcg@500,0.1,20k
470,hdpgmm,echonest,1,0,0.01903539918082171,ndcg@500,0.1,20k
471,hdpgmm,echonest,1,1,0.019576441515331253,ndcg@500,0.1,20k
472,hdpgmm,echonest,1,2,0.018432372147950283,ndcg@500,0.1,20k
473,hdpgmm,echonest,1,3,0.01967672688008565,ndcg@500,0.1,20k
474,hdpgmm,echonest,1,4,0.019461079264570184,ndcg@500,0.1,20k
475,hdpgmm,echonest,1,0,0.020270986365240183,ndcg@500,0.1,20k
476,hdpgmm,echonest,1,1,0.020097955276114195,ndcg@500,0.1,20k
477,hdpgmm,echonest,1,2,0.01951959261198861,ndcg@500,0.1,20k
478,hdpgmm,echonest,1,3,0.0215762506570916,ndcg@500,0.1,20k
479,hdpgmm,echonest,1,4,0.020130925908485777,ndcg@500,0.1,20k
480,hdpgmm,echonest,1,0,0.020157031437293565,ndcg@500,0.1,20k
481,hdpgmm,echonest,1,1,0.019402477279949516,ndcg@500,0.1,20k
482,hdpgmm,echonest,1,2,0.019464614376658855,ndcg@500,0.1,20k
483,hdpgmm,echonest,1,3,0.020233957679268177,ndcg@500,0.1,20k
484,hdpgmm,echonest,1,4,0.02091233202478635,ndcg@500,0.1,20k
485,hdpgmm,echonest,0,0,0.01901756975120743,ndcg@500,0.1,20k
486,hdpgmm,echonest,0,1,0.019336779385982262,ndcg@500,0.1,20k
487,hdpgmm,echonest,0,2,0.018141569613892673,ndcg@500,0.1,20k
488,hdpgmm,echonest,0,3,0.019644233358848778,ndcg@500,0.1,20k
489,hdpgmm,echonest,0,4,0.0190955576016258,ndcg@500,0.1,20k
490,hdpgmm,echonest,0,0,0.019299572490010485,ndcg@500,0.1,20k
491,hdpgmm,echonest,0,1,0.019896981367320748,ndcg@500,0.1,20k
492,hdpgmm,echonest,0,2,0.019154634172146294,ndcg@500,0.1,20k
493,hdpgmm,echonest,0,3,0.018700600508682393,ndcg@500,0.1,20k
494,hdpgmm,echonest,0,4,0.020267911258637958,ndcg@500,0.1,20k
495,hdpgmm,echonest,0,0,0.01847791725869947,ndcg@500,0.1,20k
496,hdpgmm,echonest,0,1,0.019758953143522596,ndcg@500,0.1,20k
497,hdpgmm,echonest,0,2,0.01818087680737463,ndcg@500,0.1,20k
498,hdpgmm,echonest,0,3,0.019697109876939428,ndcg@500,0.1,20k
499,hdpgmm,echonest,0,4,0.019157635818532963,ndcg@500,0.1,20k
500,hdpgmm,echonest,0,0,0.01838851244691917,ndcg@500,0.1,20k
501,hdpgmm,echonest,0,1,0.018752615068364533,ndcg@500,0.1,20k
502,hdpgmm,echonest,0,2,0.017413861368388905,ndcg@500,0.1,20k
503,hdpgmm,echonest,0,3,0.019385990905007873,ndcg@500,0.1,20k
504,hdpgmm,echonest,0,4,0.018584218461080618,ndcg@500,0.1,20k
505,hdpgmm,echonest,0,0,0.020047150419284593,ndcg@500,0.1,20k
506,hdpgmm,echonest,0,1,0.020233132575080408,ndcg@500,0.1,20k
507,hdpgmm,echonest,0,2,0.018563164017240077,ndcg@500,0.1,20k
508,hdpgmm,echonest,0,3,0.01971756718421101,ndcg@500,0.1,20k
509,hdpgmm,echonest,0,4,0.019778450713376028,ndcg@500,0.1,20k
510,hdpgmm,echonest,2,0,0.021266628826083774,ndcg@500,0.1,2k
511,hdpgmm,echonest,2,1,0.02229055723952242,ndcg@500,0.1,2k
512,hdpgmm,echonest,2,2,0.020826369474050335,ndcg@500,0.1,2k
513,hdpgmm,echonest,2,3,0.021037149278076803,ndcg@500,0.1,2k
514,hdpgmm,echonest,2,4,0.021949171939747877,ndcg@500,0.1,2k
515,hdpgmm,echonest,2,0,0.019775717495449284,ndcg@500,0.1,2k
516,hdpgmm,echonest,2,1,0.021075780247707395,ndcg@500,0.1,2k
517,hdpgmm,echonest,2,2,0.020518868443426347,ndcg@500,0.1,2k
518,hdpgmm,echonest,2,3,0.020349733821833436,ndcg@500,0.1,2k
519,hdpgmm,echonest,2,4,0.020305772103358655,ndcg@500,0.1,2k
520,hdpgmm,echonest,2,0,0.019844995943592136,ndcg@500,0.1,2k
521,hdpgmm,echonest,2,1,0.019101127587007473,ndcg@500,0.1,2k
522,hdpgmm,echonest,2,2,0.019606362103350754,ndcg@500,0.1,2k
523,hdpgmm,echonest,2,3,0.019800989000779565,ndcg@500,0.1,2k
524,hdpgmm,echonest,2,4,0.019742789242020126,ndcg@500,0.1,2k
525,hdpgmm,echonest,2,0,0.02105886312114753,ndcg@500,0.1,2k
526,hdpgmm,echonest,2,1,0.020720874375939523,ndcg@500,0.1,2k
527,hdpgmm,echonest,2,2,0.021571064762669137,ndcg@500,0.1,2k
528,hdpgmm,echonest,2,3,0.021484303937880214,ndcg@500,0.1,2k
529,hdpgmm,echonest,2,4,0.020999964344667815,ndcg@500,0.1,2k
530,hdpgmm,echonest,2,0,0.020147424662142272,ndcg@500,0.1,2k
531,hdpgmm,echonest,2,1,0.02098501732043802,ndcg@500,0.1,2k
532,hdpgmm,echonest,2,2,0.02047471886472214,ndcg@500,0.1,2k
533,hdpgmm,echonest,2,3,0.019167543812454637,ndcg@500,0.1,2k
534,hdpgmm,echonest,2,4,0.020839573519230065,ndcg@500,0.1,2k
535,hdpgmm,echonest,1,0,0.020779787156384795,ndcg@500,0.1,2k
536,hdpgmm,echonest,1,1,0.02212010368123633,ndcg@500,0.1,2k
537,hdpgmm,echonest,1,2,0.02190678690887738,ndcg@500,0.1,2k
538,hdpgmm,echonest,1,3,0.020771839327024488,ndcg@500,0.1,2k
539,hdpgmm,echonest,1,4,0.021107376989072776,ndcg@500,0.1,2k
540,hdpgmm,echonest,1,0,0.020821253722575945,ndcg@500,0.1,2k
541,hdpgmm,echonest,1,1,0.021928320860871035,ndcg@500,0.1,2k
542,hdpgmm,echonest,1,2,0.02281136440818026,ndcg@500,0.1,2k
543,hdpgmm,echonest,1,3,0.020986343455693248,ndcg@500,0.1,2k
544,hdpgmm,echonest,1,4,0.021070433439910292,ndcg@500,0.1,2k
545,hdpgmm,echonest,1,0,0.019368827743655292,ndcg@500,0.1,2k
546,hdpgmm,echonest,1,1,0.0206084931270347,ndcg@500,0.1,2k
547,hdpgmm,echonest,1,2,0.02050049254901601,ndcg@500,0.1,2k
548,hdpgmm,echonest,1,3,0.01963619364535634,ndcg@500,0.1,2k
549,hdpgmm,echonest,1,4,0.020718434240239454,ndcg@500,0.1,2k
550,hdpgmm,echonest,1,0,0.02068430393533595,ndcg@500,0.1,2k
551,hdpgmm,echonest,1,1,0.021033246868472657,ndcg@500,0.1,2k
552,hdpgmm,echonest,1,2,0.02023610515652049,ndcg@500,0.1,2k
553,hdpgmm,echonest,1,3,0.020303778143314098,ndcg@500,0.1,2k
554,hdpgmm,echonest,1,4,0.020206148930724983,ndcg@500,0.1,2k
555,hdpgmm,echonest,1,0,0.018960529773052657,ndcg@500,0.1,2k
556,hdpgmm,echonest,1,1,0.019722234204852022,ndcg@500,0.1,2k
557,hdpgmm,echonest,1,2,0.018449318923498527,ndcg@500,0.1,2k
558,hdpgmm,echonest,1,3,0.018356052883404743,ndcg@500,0.1,2k
559,hdpgmm,echonest,1,4,0.018905895490546887,ndcg@500,0.1,2k
560,hdpgmm,echonest,0,0,0.02161195886878153,ndcg@500,0.1,2k
561,hdpgmm,echonest,0,1,0.02195892414780981,ndcg@500,0.1,2k
562,hdpgmm,echonest,0,2,0.02101132619129868,ndcg@500,0.1,2k
563,hdpgmm,echonest,0,3,0.021241293524919214,ndcg@500,0.1,2k
564,hdpgmm,echonest,0,4,0.021460779046104432,ndcg@500,0.1,2k
565,hdpgmm,echonest,0,0,0.021417742020577592,ndcg@500,0.1,2k
566,hdpgmm,echonest,0,1,0.022159719800091855,ndcg@500,0.1,2k
567,hdpgmm,echonest,0,2,0.02114128803467504,ndcg@500,0.1,2k
568,hdpgmm,echonest,0,3,0.022253008312362703,ndcg@500,0.1,2k
569,hdpgmm,echonest,0,4,0.022163986283237284,ndcg@500,0.1,2k
570,hdpgmm,echonest,0,0,0.019565717932621258,ndcg@500,0.1,2k
571,hdpgmm,echonest,0,1,0.019680852776323195,ndcg@500,0.1,2k
572,hdpgmm,echonest,0,2,0.019388721821048303,ndcg@500,0.1,2k
573,hdpgmm,echonest,0,3,0.020372226596138774,ndcg@500,0.1,2k
574,hdpgmm,echonest,0,4,0.020352132677941323,ndcg@500,0.1,2k
575,hdpgmm,echonest,0,0,0.020288245141166165,ndcg@500,0.1,2k
576,hdpgmm,echonest,0,1,0.020086497481797447,ndcg@500,0.1,2k
577,hdpgmm,echonest,0,2,0.021436889475576988,ndcg@500,0.1,2k
578,hdpgmm,echonest,0,3,0.02064701743048336,ndcg@500,0.1,2k
579,hdpgmm,echonest,0,4,0.02051735002642509,ndcg@500,0.1,2k
580,hdpgmm,echonest,0,0,0.019033778282316696,ndcg@500,0.1,2k
581,hdpgmm,echonest,0,1,0.021382692142888245,ndcg@500,0.1,2k
582,hdpgmm,echonest,0,2,0.01895828913403002,ndcg@500,0.1,2k
583,hdpgmm,echonest,0,3,0.02000896307942951,ndcg@500,0.1,2k
584,hdpgmm,echonest,0,4,0.019813016547639346,ndcg@500,0.1,2k
585,clmr256,echonest,0,0,0.03776171357167093,ndcg@500,,
586,clmr256,echonest,0,1,0.03567542109292346,ndcg@500,,
587,clmr256,echonest,0,2,0.03516058786347955,ndcg@500,,
588,clmr256,echonest,0,3,0.03618766046911269,ndcg@500,,
589,clmr256,echonest,0,4,0.03694727664810835,ndcg@500,,
590,clmr256,echonest,1,0,0.038026146611615096,ndcg@500,,
591,clmr256,echonest,1,1,0.03587015143442802,ndcg@500,,
592,clmr256,echonest,1,2,0.033949801969578884,ndcg@500,,
593,clmr256,echonest,1,3,0.036464897054173016,ndcg@500,,
594,clmr256,echonest,1,4,0.03623275937612893,ndcg@500,,
595,clmr256,echonest,2,0,0.03567896997420655,ndcg@500,,
596,clmr256,echonest,2,1,0.036185816640897636,ndcg@500,,
597,clmr256,echonest,2,2,0.036827536763831166,ndcg@500,,
598,clmr256,echonest,2,3,0.03549827881429371,ndcg@500,,
599,clmr256,echonest,2,4,0.036329539807535935,ndcg@500,,
600,hdpgmm,magnatagatune,0,0,0.8501593518886452,rocauc_score_macro,0.1,200k
601,hdpgmm,magnatagatune,0,1,0.8502410797023845,rocauc_score_macro,0.1,200k
602,hdpgmm,magnatagatune,0,2,0.8500834134277783,rocauc_score_macro,0.1,200k
603,hdpgmm,magnatagatune,0,3,0.8504000552737184,rocauc_score_macro,0.1,200k
604,hdpgmm,magnatagatune,0,4,0.8470302251227322,rocauc_score_macro,0.1,200k
605,hdpgmm,magnatagatune,0,0,0.8261832280753292,rocauc_score_macro,0.0001,200k
606,hdpgmm,magnatagatune,0,1,0.8253083458968782,rocauc_score_macro,0.0001,200k
607,hdpgmm,magnatagatune,0,2,0.8260437638483746,rocauc_score_macro,0.0001,200k
608,hdpgmm,magnatagatune,0,3,0.8261000946359736,rocauc_score_macro,0.0001,200k
609,hdpgmm,magnatagatune,0,4,0.8219954912282885,rocauc_score_macro,0.0001,200k
610,hdpgmm,magnatagatune,0,0,0.8422552949695382,rocauc_score_macro,0.01,200k
611,hdpgmm,magnatagatune,0,1,0.8430143468191238,rocauc_score_macro,0.01,200k
612,hdpgmm,magnatagatune,0,2,0.8427724404972474,rocauc_score_macro,0.01,200k
613,hdpgmm,magnatagatune,0,3,0.842731708536066,rocauc_score_macro,0.01,200k
614,hdpgmm,magnatagatune,0,4,0.8389716135149939,rocauc_score_macro,0.01,200k
615,hdpgmm,magnatagatune,0,0,0.8294864343344038,rocauc_score_macro,0.001,200k
616,hdpgmm,magnatagatune,0,1,0.8287633146846224,rocauc_score_macro,0.001,200k
617,hdpgmm,magnatagatune,0,2,0.8294728060269939,rocauc_score_macro,0.001,200k
618,hdpgmm,magnatagatune,0,3,0.8295826966546588,rocauc_score_macro,0.001,200k
619,hdpgmm,magnatagatune,0,4,0.8247471427574233,rocauc_score_macro,0.001,200k
620,hdpgmm,magnatagatune,1,0,0.8494109288150443,rocauc_score_macro,0.1,200k
621,hdpgmm,magnatagatune,1,1,0.8492195235890927,rocauc_score_macro,0.1,200k
622,hdpgmm,magnatagatune,1,2,0.8491922491177253,rocauc_score_macro,0.1,200k
623,hdpgmm,magnatagatune,1,3,0.84812004242288,rocauc_score_macro,0.1,200k
624,hdpgmm,magnatagatune,1,4,0.8451675371544671,rocauc_score_macro,0.1,200k
625,hdpgmm,magnatagatune,1,0,0.8425326280933266,rocauc_score_macro,0.01,200k
626,hdpgmm,magnatagatune,1,1,0.842926838415664,rocauc_score_macro,0.01,200k
627,hdpgmm,magnatagatune,1,2,0.8430879453955348,rocauc_score_macro,0.01,200k
628,hdpgmm,magnatagatune,1,3,0.8429864285244595,rocauc_score_macro,0.01,200k
629,hdpgmm,magnatagatune,1,4,0.8386234321234712,rocauc_score_macro,0.01,200k
630,hdpgmm,magnatagatune,1,0,0.8351697088330962,rocauc_score_macro,0.001,200k
631,hdpgmm,magnatagatune,1,1,0.8343522993643531,rocauc_score_macro,0.001,200k
632,hdpgmm,magnatagatune,1,2,0.8352083526444468,rocauc_score_macro,0.001,200k
633,hdpgmm,magnatagatune,1,3,0.8351773623970565,rocauc_score_macro,0.001,200k
634,hdpgmm,magnatagatune,1,4,0.8304631056272627,rocauc_score_macro,0.001,200k
635,hdpgmm,magnatagatune,1,0,0.8194096794644333,rocauc_score_macro,0.0001,200k
636,hdpgmm,magnatagatune,1,1,0.8176191533596835,rocauc_score_macro,0.0001,200k
637,hdpgmm,magnatagatune,1,2,0.819049285708349,rocauc_score_macro,0.0001,200k
638,hdpgmm,magnatagatune,1,3,0.8191448506692415,rocauc_score_macro,0.0001,200k
639,hdpgmm,magnatagatune,1,4,0.813736706400768,rocauc_score_macro,0.0001,200k
640,hdpgmm,magnatagatune,2,0,0.8472844837647948,rocauc_score_macro,0.1,200k
641,hdpgmm,magnatagatune,2,1,0.8473201437907685,rocauc_score_macro,0.1,200k
642,hdpgmm,magnatagatune,2,2,0.8479749912076836,rocauc_score_macro,0.1,200k
643,hdpgmm,magnatagatune,2,3,0.8479159037171029,rocauc_score_macro,0.1,200k
644,hdpgmm,magnatagatune,2,4,0.8433381102570131,rocauc_score_macro,0.1,200k
645,hdpgmm,magnatagatune,2,0,0.8415596224985162,rocauc_score_macro,0.01,200k
646,hdpgmm,magnatagatune,2,1,0.8412738189552609,rocauc_score_macro,0.01,200k
647,hdpgmm,magnatagatune,2,2,0.8416761655521181,rocauc_score_macro,0.01,200k
648,hdpgmm,magnatagatune,2,3,0.841592916077387,rocauc_score_macro,0.01,200k
649,hdpgmm,magnatagatune,2,4,0.8367516694068788,rocauc_score_macro,0.01,200k
650,hdpgmm,magnatagatune,2,0,0.829934824822644,rocauc_score_macro,0.001,200k
651,hdpgmm,magnatagatune,2,1,0.829075089998344,rocauc_score_macro,0.001,200k
652,hdpgmm,magnatagatune,2,2,0.8299056594245777,rocauc_score_macro,0.001,200k
653,hdpgmm,magnatagatune,2,3,0.8299219924317327,rocauc_score_macro,0.001,200k
654,hdpgmm,magnatagatune,2,4,0.8248785955895396,rocauc_score_macro,0.001,200k
655,hdpgmm,magnatagatune,2,0,0.8203904804560854,rocauc_score_macro,0.0001,200k
656,hdpgmm,magnatagatune,2,1,0.8188264094342602,rocauc_score_macro,0.0001,200k
657,hdpgmm,magnatagatune,2,2,0.8201555932568305,rocauc_score_macro,0.0001,200k
658,hdpgmm,magnatagatune,2,3,0.820296812836322,rocauc_score_macro,0.0001,200k
659,hdpgmm,magnatagatune,2,4,0.8157034104123556,rocauc_score_macro,0.0001,200k
660,kim,magnatagatune,0,0,0.7970695670760743,rocauc_score_macro,,
661,kim,magnatagatune,0,1,0.797240586661291,rocauc_score_macro,,
662,kim,magnatagatune,0,2,0.793014625616957,rocauc_score_macro,,
663,kim,magnatagatune,0,3,0.7973258090880079,rocauc_score_macro,,
664,kim,magnatagatune,0,4,0.7973768464680512,rocauc_score_macro,,
665,kim,magnatagatune,2,0,0.8016677349941466,rocauc_score_macro,,
666,kim,magnatagatune,2,1,0.8017930823144335,rocauc_score_macro,,
667,kim,magnatagatune,2,2,0.7993236450516954,rocauc_score_macro,,
668,kim,magnatagatune,2,3,0.8016945292783783,rocauc_score_macro,,
669,kim,magnatagatune,2,4,0.8018167532534879,rocauc_score_macro,,
670,kim,magnatagatune,1,0,0.8068847838084215,rocauc_score_macro,,
671,kim,magnatagatune,1,1,0.8073354911225457,rocauc_score_macro,,
672,kim,magnatagatune,1,2,0.8035570150666328,rocauc_score_macro,,
673,kim,magnatagatune,1,3,0.8074472247024659,rocauc_score_macro,,
674,kim,magnatagatune,1,4,0.807238006511703,rocauc_score_macro,,
675,clmr,magnatagatune,0,0,0.8346388114231297,rocauc_score_macro,,
676,clmr,magnatagatune,0,1,0.8350483430091196,rocauc_score_macro,,
677,clmr,magnatagatune,0,2,0.8345270803991063,rocauc_score_macro,,
678,clmr,magnatagatune,0,3,0.8314655826045487,rocauc_score_macro,,
679,clmr,magnatagatune,0,4,0.831426914923248,rocauc_score_macro,,
680,clmr,magnatagatune,1,0,0.830681117351176,rocauc_score_macro,,
681,clmr,magnatagatune,1,1,0.8348240174987215,rocauc_score_macro,,
682,clmr,magnatagatune,1,2,0.8309036984026394,rocauc_score_macro,,
683,clmr,magnatagatune,1,3,0.830785496223702,rocauc_score_macro,,
684,clmr,magnatagatune,1,4,0.83086849671426,rocauc_score_macro,,
685,clmr,magnatagatune,2,0,0.836522803714567,rocauc_score_macro,,
686,clmr,magnatagatune,2,1,0.8374606091322309,rocauc_score_macro,,
687,clmr,magnatagatune,2,2,0.8366892890740647,rocauc_score_macro,,
688,clmr,magnatagatune,2,3,0.8288440239749516,rocauc_score_macro,,
689,clmr,magnatagatune,2,4,0.8334968793216109,rocauc_score_macro,,
690,hdpgmm,magnatagatune,0,0,0.837609204123623,rocauc_score_macro,0.1,20k
691,hdpgmm,magnatagatune,0,1,0.8362461663574006,rocauc_score_macro,0.1,20k
692,hdpgmm,magnatagatune,0,2,0.8374083927026349,rocauc_score_macro,0.1,20k
693,hdpgmm,magnatagatune,0,3,0.8374860367874878,rocauc_score_macro,0.1,20k
694,hdpgmm,magnatagatune,0,4,0.8330392356158698,rocauc_score_macro,0.1,20k
695,hdpgmm,magnatagatune,0,0,0.8406151154065534,rocauc_score_macro,0.1,20k
696,hdpgmm,magnatagatune,0,1,0.8395319570172514,rocauc_score_macro,0.1,20k
697,hdpgmm,magnatagatune,0,2,0.8404365080380038,rocauc_score_macro,0.1,20k
698,hdpgmm,magnatagatune,0,3,0.8405181492914993,rocauc_score_macro,0.1,20k
699,hdpgmm,magnatagatune,0,4,0.8363668592736201,rocauc_score_macro,0.1,20k
700,hdpgmm,magnatagatune,0,0,0.8421865818193804,rocauc_score_macro,0.1,20k
701,hdpgmm,magnatagatune,0,1,0.8408859075217414,rocauc_score_macro,0.1,20k
702,hdpgmm,magnatagatune,0,2,0.8420061017367187,rocauc_score_macro,0.1,20k
703,hdpgmm,magnatagatune,0,3,0.8420557623372258,rocauc_score_macro,0.1,20k
704,hdpgmm,magnatagatune,0,4,0.8378938202202343,rocauc_score_macro,0.1,20k
705,hdpgmm,magnatagatune,0,0,0.8411437304462097,rocauc_score_macro,0.1,20k
706,hdpgmm,magnatagatune,0,1,0.8404731795519913,rocauc_score_macro,0.1,20k
707,hdpgmm,magnatagatune,0,2,0.8411287186129839,rocauc_score_macro,0.1,20k
708,hdpgmm,magnatagatune,0,3,0.8411277032795579,rocauc_score_macro,0.1,20k
709,hdpgmm,magnatagatune,0,4,0.8368148691335215,rocauc_score_macro,0.1,20k
710,hdpgmm,magnatagatune,0,0,0.8389786446953367,rocauc_score_macro,0.1,20k
711,hdpgmm,magnatagatune,0,1,0.8373118377846793,rocauc_score_macro,0.1,20k
712,hdpgmm,magnatagatune,0,2,0.8386905052961419,rocauc_score_macro,0.1,20k
713,hdpgmm,magnatagatune,0,3,0.8387390202205428,rocauc_score_macro,0.1,20k
714,hdpgmm,magnatagatune,0,4,0.8342252574176977,rocauc_score_macro,0.1,20k
715,hdpgmm,magnatagatune,1,0,0.8408592287244271,rocauc_score_macro,0.1,20k
716,hdpgmm,magnatagatune,1,1,0.8394737347249237,rocauc_score_macro,0.1,20k
717,hdpgmm,magnatagatune,1,2,0.8406061130143353,rocauc_score_macro,0.1,20k
718,hdpgmm,magnatagatune,1,3,0.8407440018775408,rocauc_score_macro,0.1,20k
719,hdpgmm,magnatagatune,1,4,0.8361413836854185,rocauc_score_macro,0.1,20k
720,hdpgmm,magnatagatune,1,0,0.840960103871397,rocauc_score_macro,0.1,20k
721,hdpgmm,magnatagatune,1,1,0.8398297174596725,rocauc_score_macro,0.1,20k
722,hdpgmm,magnatagatune,1,2,0.8409257331759789,rocauc_score_macro,0.1,20k
723,hdpgmm,magnatagatune,1,3,0.8409130970248196,rocauc_score_macro,0.1,20k
724,hdpgmm,magnatagatune,1,4,0.8366489267489117,rocauc_score_macro,0.1,20k
725,hdpgmm,magnatagatune,1,0,0.8406927824655681,rocauc_score_macro,0.1,20k
726,hdpgmm,magnatagatune,1,1,0.8391958895738664,rocauc_score_macro,0.1,20k
727,hdpgmm,magnatagatune,1,2,0.840491822666647,rocauc_score_macro,0.1,20k
728,hdpgmm,magnatagatune,1,3,0.8405797514806274,rocauc_score_macro,0.1,20k
729,hdpgmm,magnatagatune,1,4,0.8366086526091887,rocauc_score_macro,0.1,20k
730,hdpgmm,magnatagatune,1,0,0.8404966297767021,rocauc_score_macro,0.1,20k
731,hdpgmm,magnatagatune,1,1,0.8389677006277885,rocauc_score_macro,0.1,20k
732,hdpgmm,magnatagatune,1,2,0.8401890750737535,rocauc_score_macro,0.1,20k
733,hdpgmm,magnatagatune,1,3,0.840319560542708,rocauc_score_macro,0.1,20k
734,hdpgmm,magnatagatune,1,4,0.8360049173253863,rocauc_score_macro,0.1,20k
735,hdpgmm,magnatagatune,1,0,0.841813658551076,rocauc_score_macro,0.1,20k
736,hdpgmm,magnatagatune,1,1,0.8400463724614171,rocauc_score_macro,0.1,20k
737,hdpgmm,magnatagatune,1,2,0.8415186281097988,rocauc_score_macro,0.1,20k
738,hdpgmm,magnatagatune,1,3,0.841634905993095,rocauc_score_macro,0.1,20k
739,hdpgmm,magnatagatune,1,4,0.8376694737029362,rocauc_score_macro,0.1,20k
740,hdpgmm,magnatagatune,2,0,0.8406261370587993,rocauc_score_macro,0.1,20k
741,hdpgmm,magnatagatune,2,1,0.8389904427230221,rocauc_score_macro,0.1,20k
742,hdpgmm,magnatagatune,2,2,0.840258623783832,rocauc_score_macro,0.1,20k
743,hdpgmm,magnatagatune,2,3,0.8403788075448344,rocauc_score_macro,0.1,20k
744,hdpgmm,magnatagatune,2,4,0.8351816685568586,rocauc_score_macro,0.1,20k
745,hdpgmm,magnatagatune,2,0,0.8357326523550179,rocauc_score_macro,0.1,20k
746,hdpgmm,magnatagatune,2,1,0.8344064526089255,rocauc_score_macro,0.1,20k
747,hdpgmm,magnatagatune,2,2,0.8355170723309986,rocauc_score_macro,0.1,20k
748,hdpgmm,magnatagatune,2,3,0.8355974623909103,rocauc_score_macro,0.1,20k
749,hdpgmm,magnatagatune,2,4,0.8317041482856298,rocauc_score_macro,0.1,20k
750,hdpgmm,magnatagatune,2,0,0.8408059803566097,rocauc_score_macro,0.1,20k
751,hdpgmm,magnatagatune,2,1,0.8396310048379195,rocauc_score_macro,0.1,20k
752,hdpgmm,magnatagatune,2,2,0.8406304828319136,rocauc_score_macro,0.1,20k
753,hdpgmm,magnatagatune,2,3,0.8406790987438151,rocauc_score_macro,0.1,20k
754,hdpgmm,magnatagatune,2,4,0.8365276454855523,rocauc_score_macro,0.1,20k
755,hdpgmm,magnatagatune,2,0,0.8374708428454279,rocauc_score_macro,0.1,20k
756,hdpgmm,magnatagatune,2,1,0.8364728594940661,rocauc_score_macro,0.1,20k
757,hdpgmm,magnatagatune,2,2,0.8374050028305905,rocauc_score_macro,0.1,20k
758,hdpgmm,magnatagatune,2,3,0.8373917588616968,rocauc_score_macro,0.1,20k
759,hdpgmm,magnatagatune,2,4,0.8330958427791201,rocauc_score_macro,0.1,20k
760,hdpgmm,magnatagatune,2,0,0.8427479834132326,rocauc_score_macro,0.1,20k
761,hdpgmm,magnatagatune,2,1,0.8411968306678255,rocauc_score_macro,0.1,20k
762,hdpgmm,magnatagatune,2,2,0.8425649242238097,rocauc_score_macro,0.1,20k
763,hdpgmm,magnatagatune,2,3,0.8425277286596401,rocauc_score_macro,0.1,20k
764,hdpgmm,magnatagatune,2,4,0.8384406912537217,rocauc_score_macro,0.1,20k
765,hdpgmm,magnatagatune,0,0,0.8355865494914505,rocauc_score_macro,0.1,2k
766,hdpgmm,magnatagatune,0,1,0.8348485161863257,rocauc_score_macro,0.1,2k
767,hdpgmm,magnatagatune,0,2,0.8355515809821141,rocauc_score_macro,0.1,2k
768,hdpgmm,magnatagatune,0,3,0.8355661696490713,rocauc_score_macro,0.1,2k
769,hdpgmm,magnatagatune,0,4,0.830405690297383,rocauc_score_macro,0.1,2k
770,hdpgmm,magnatagatune,0,0,0.8215167382078377,rocauc_score_macro,0.1,2k
771,hdpgmm,magnatagatune,0,1,0.821076696032649,rocauc_score_macro,0.1,2k
772,hdpgmm,magnatagatune,0,2,0.8215233631146698,rocauc_score_macro,0.1,2k
773,hdpgmm,magnatagatune,0,3,0.8215028333891224,rocauc_score_macro,0.1,2k
774,hdpgmm,magnatagatune,0,4,0.8171948073328926,rocauc_score_macro,0.1,2k
775,hdpgmm,magnatagatune,0,0,0.833450981401597,rocauc_score_macro,0.1,2k
776,hdpgmm,magnatagatune,0,1,0.8329081149898699,rocauc_score_macro,0.1,2k
777,hdpgmm,magnatagatune,0,2,0.8334234256863382,rocauc_score_macro,0.1,2k
778,hdpgmm,magnatagatune,0,3,0.8333942123044737,rocauc_score_macro,0.1,2k
779,hdpgmm,magnatagatune,0,4,0.8294987416394644,rocauc_score_macro,0.1,2k
780,hdpgmm,magnatagatune,0,0,0.8311771505411717,rocauc_score_macro,0.1,2k
781,hdpgmm,magnatagatune,0,1,0.8304785962843256,rocauc_score_macro,0.1,2k
782,hdpgmm,magnatagatune,0,2,0.8310999245349393,rocauc_score_macro,0.1,2k
783,hdpgmm,magnatagatune,0,3,0.8311493379842539,rocauc_score_macro,0.1,2k
784,hdpgmm,magnatagatune,0,4,0.8275030324460667,rocauc_score_macro,0.1,2k
785,hdpgmm,magnatagatune,0,0,0.8307729070492471,rocauc_score_macro,0.1,2k
786,hdpgmm,magnatagatune,0,1,0.8293632701162723,rocauc_score_macro,0.1,2k
787,hdpgmm,magnatagatune,0,2,0.8306264671323241,rocauc_score_macro,0.1,2k
788,hdpgmm,magnatagatune,0,3,0.8307624766708959,rocauc_score_macro,0.1,2k
789,hdpgmm,magnatagatune,0,4,0.8254554682198383,rocauc_score_macro,0.1,2k
790,hdpgmm,magnatagatune,1,0,0.8303437859971652,rocauc_score_macro,0.1,2k
791,hdpgmm,magnatagatune,1,1,0.8290011890326542,rocauc_score_macro,0.1,2k
792,hdpgmm,magnatagatune,1,2,0.8300765780900207,rocauc_score_macro,0.1,2k
793,hdpgmm,magnatagatune,1,3,0.8301697210651454,rocauc_score_macro,0.1,2k
794,hdpgmm,magnatagatune,1,4,0.8253429789557997,rocauc_score_macro,0.1,2k
795,hdpgmm,magnatagatune,1,0,0.8331652026116412,rocauc_score_macro,0.1,2k
796,hdpgmm,magnatagatune,1,1,0.8327332079195375,rocauc_score_macro,0.1,2k
797,hdpgmm,magnatagatune,1,2,0.8332174047128292,rocauc_score_macro,0.1,2k
798,hdpgmm,magnatagatune,1,3,0.8331856867424249,rocauc_score_macro,0.1,2k
799,hdpgmm,magnatagatune,1,4,0.8294263044507659,rocauc_score_macro,0.1,2k
800,hdpgmm,magnatagatune,1,0,0.8334521952704539,rocauc_score_macro,0.1,2k
801,hdpgmm,magnatagatune,1,1,0.8329819545121482,rocauc_score_macro,0.1,2k
802,hdpgmm,magnatagatune,1,2,0.8335116497910069,rocauc_score_macro,0.1,2k
803,hdpgmm,magnatagatune,1,3,0.8334797033475354,rocauc_score_macro,0.1,2k
804,hdpgmm,magnatagatune,1,4,0.8299190491816175,rocauc_score_macro,0.1,2k
805,hdpgmm,magnatagatune,1,0,0.8244923793665587,rocauc_score_macro,0.1,2k
806,hdpgmm,magnatagatune,1,1,0.823773357031891,rocauc_score_macro,0.1,2k
807,hdpgmm,magnatagatune,1,2,0.8244401622259808,rocauc_score_macro,0.1,2k
808,hdpgmm,magnatagatune,1,3,0.82446729108344,rocauc_score_macro,0.1,2k
809,hdpgmm,magnatagatune,1,4,0.820158144809946,rocauc_score_macro,0.1,2k
810,hdpgmm,magnatagatune,1,0,0.8360265688581979,rocauc_score_macro,0.1,2k
811,hdpgmm,magnatagatune,1,1,0.8354226087719431,rocauc_score_macro,0.1,2k
812,hdpgmm,magnatagatune,1,2,0.8360427382242034,rocauc_score_macro,0.1,2k
813,hdpgmm,magnatagatune,1,3,0.8360652338316826,rocauc_score_macro,0.1,2k
814,hdpgmm,magnatagatune,1,4,0.8321519757979375,rocauc_score_macro,0.1,2k
815,hdpgmm,magnatagatune,2,0,0.8259974668424216,rocauc_score_macro,0.1,2k
816,hdpgmm,magnatagatune,2,1,0.8251119513799816,rocauc_score_macro,0.1,2k
817,hdpgmm,magnatagatune,2,2,0.8259467120566719,rocauc_score_macro,0.1,2k
818,hdpgmm,magnatagatune,2,3,0.8258924491180994,rocauc_score_macro,0.1,2k
819,hdpgmm,magnatagatune,2,4,0.8218293848947438,rocauc_score_macro,0.1,2k
820,hdpgmm,magnatagatune,2,0,0.8340211440882745,rocauc_score_macro,0.1,2k
821,hdpgmm,magnatagatune,2,1,0.8333190019601179,rocauc_score_macro,0.1,2k
822,hdpgmm,magnatagatune,2,2,0.8339858838442329,rocauc_score_macro,0.1,2k
823,hdpgmm,magnatagatune,2,3,0.8339781954215614,rocauc_score_macro,0.1,2k
824,hdpgmm,magnatagatune,2,4,0.8304865296238572,rocauc_score_macro,0.1,2k
825,hdpgmm,magnatagatune,2,0,0.8363093477920903,rocauc_score_macro,0.1,2k
826,hdpgmm,magnatagatune,2,1,0.8353496741662759,rocauc_score_macro,0.1,2k
827,hdpgmm,magnatagatune,2,2,0.8361983741816457,rocauc_score_macro,0.1,2k
828,hdpgmm,magnatagatune,2,3,0.836277944790244,rocauc_score_macro,0.1,2k
829,hdpgmm,magnatagatune,2,4,0.8320591299892337,rocauc_score_macro,0.1,2k
830,hdpgmm,magnatagatune,2,0,0.8283419881835316,rocauc_score_macro,0.1,2k
831,hdpgmm,magnatagatune,2,1,0.8276913451978726,rocauc_score_macro,0.1,2k
832,hdpgmm,magnatagatune,2,2,0.8282940538984621,rocauc_score_macro,0.1,2k
833,hdpgmm,magnatagatune,2,3,0.8282858869529239,rocauc_score_macro,0.1,2k
834,hdpgmm,magnatagatune,2,4,0.8244271578763295,rocauc_score_macro,0.1,2k
835,hdpgmm,magnatagatune,2,0,0.8324951918667822,rocauc_score_macro,0.1,2k
836,hdpgmm,magnatagatune,2,1,0.8308410953928009,rocauc_score_macro,0.1,2k
837,hdpgmm,magnatagatune,2,2,0.8321846600301955,rocauc_score_macro,0.1,2k
838,hdpgmm,magnatagatune,2,3,0.8322651463450932,rocauc_score_macro,0.1,2k
839,hdpgmm,magnatagatune,2,4,0.8288486895230052,rocauc_score_macro,0.1,2k
840,g1,magnatagatune,0,0,0.8437112021744854,rocauc_score_macro,,
841,g1,magnatagatune,0,1,0.8443083233270411,rocauc_score_macro,,
842,g1,magnatagatune,0,2,0.8437799558704003,rocauc_score_macro,,
843,g1,magnatagatune,0,3,0.8449892287959053,rocauc_score_macro,,
844,g1,magnatagatune,0,4,0.8434794145741634,rocauc_score_macro,,
845,vqcodebook64,magnatagatune,0,0,0.8029942766110088,rocauc_score_macro,,
846,vqcodebook64,magnatagatune,0,1,0.8046991703018633,rocauc_score_macro,,
847,vqcodebook64,magnatagatune,0,2,0.8043418209199167,rocauc_score_macro,,
848,vqcodebook64,magnatagatune,0,3,0.8052277512845352,rocauc_score_macro,,
849,vqcodebook64,magnatagatune,0,4,0.8035064288561629,rocauc_score_macro,,
850,vqcodebook32,magnatagatune,0,0,0.7826992979843743,rocauc_score_macro,,
851,vqcodebook32,magnatagatune,0,1,0.7831588215367878,rocauc_score_macro,,
852,vqcodebook32,magnatagatune,0,2,0.7828528264532055,rocauc_score_macro,,
853,vqcodebook32,magnatagatune,0,3,0.7827430996235408,rocauc_score_macro,,
854,vqcodebook32,magnatagatune,0,4,0.7804097595573216,rocauc_score_macro,,
855,vqcodebook128,magnatagatune,0,0,0.8287294699865475,rocauc_score_macro,,
856,vqcodebook128,magnatagatune,0,1,0.8275924655386463,rocauc_score_macro,,
857,vqcodebook128,magnatagatune,0,2,0.8268407673432406,rocauc_score_macro,,
858,vqcodebook128,magnatagatune,0,3,0.8294616157827532,rocauc_score_macro,,
859,vqcodebook128,magnatagatune,0,4,0.8281392713149116,rocauc_score_macro,,
860,vqcodebook256,magnatagatune,0,0,0.8399405754830515,rocauc_score_macro,,
861,vqcodebook256,magnatagatune,0,1,0.8393755892154013,rocauc_score_macro,,
862,vqcodebook256,magnatagatune,0,2,0.8394128842026108,rocauc_score_macro,,
863,vqcodebook256,magnatagatune,0,3,0.836806877093692,rocauc_score_macro,,
864,vqcodebook256,magnatagatune,0,4,0.837310291504781,rocauc_score_macro,,
865,vqcodebook32,magnatagatune,1,0,0.7826357996858961,rocauc_score_macro,,
866,vqcodebook32,magnatagatune,1,1,0.783147641269058,rocauc_score_macro,,
867,vqcodebook32,magnatagatune,1,2,0.7828561052137561,rocauc_score_macro,,
868,vqcodebook32,magnatagatune,1,3,0.7827530736605879,rocauc_score_macro,,
869,vqcodebook32,magnatagatune,1,4,0.7804829984779835,rocauc_score_macro,,
870,vqcodebook64,magnatagatune,1,0,0.8029934453519684,rocauc_score_macro,,
871,vqcodebook64,magnatagatune,1,1,0.804696532405518,rocauc_score_macro,,
872,vqcodebook64,magnatagatune,1,2,0.8043434089882692,rocauc_score_macro,,
873,vqcodebook64,magnatagatune,1,3,0.8052208841462956,rocauc_score_macro,,
874,vqcodebook64,magnatagatune,1,4,0.8035495773337044,rocauc_score_macro,,
875,vqcodebook128,magnatagatune,1,0,0.8287303039416821,rocauc_score_macro,,
876,vqcodebook128,magnatagatune,1,1,0.8275758536230255,rocauc_score_macro,,
877,vqcodebook128,magnatagatune,1,2,0.8268315465896695,rocauc_score_macro,,
878,vqcodebook128,magnatagatune,1,3,0.8294569788671459,rocauc_score_macro,,
879,vqcodebook128,magnatagatune,1,4,0.8281411758243119,rocauc_score_macro,,
880,vqcodebook256,magnatagatune,1,0,0.839940531120212,rocauc_score_macro,,
881,vqcodebook256,magnatagatune,1,1,0.8393735803026016,rocauc_score_macro,,
882,vqcodebook256,magnatagatune,1,2,0.839413119599546,rocauc_score_macro,,
883,vqcodebook256,magnatagatune,1,3,0.8368097860416297,rocauc_score_macro,,
884,vqcodebook256,magnatagatune,1,4,0.8373341054273419,rocauc_score_macro,,
885,vqcodebook32,magnatagatune,2,0,0.7826633675554191,rocauc_score_macro,,
886,vqcodebook32,magnatagatune,2,1,0.7831634291126569,rocauc_score_macro,,
887,vqcodebook32,magnatagatune,2,2,0.7827852751811024,rocauc_score_macro,,
888,vqcodebook32,magnatagatune,2,3,0.7827398593741524,rocauc_score_macro,,
889,vqcodebook32,magnatagatune,2,4,0.7810936363152767,rocauc_score_macro,,
890,vqcodebook64,magnatagatune,2,0,0.8029934883873716,rocauc_score_macro,,
891,vqcodebook64,magnatagatune,2,1,0.8046843209324328,rocauc_score_macro,,
892,vqcodebook64,magnatagatune,2,2,0.8043296782984121,rocauc_score_macro,,
893,vqcodebook64,magnatagatune,2,3,0.8052305031011656,rocauc_score_macro,,
894,vqcodebook64,magnatagatune,2,4,0.8035018707870882,rocauc_score_macro,,
895,vqcodebook128,magnatagatune,2,0,0.8287304168625451,rocauc_score_macro,,
896,vqcodebook128,magnatagatune,2,1,0.827575254935686,rocauc_score_macro,,
897,vqcodebook128,magnatagatune,2,2,0.8268315610714378,rocauc_score_macro,,
898,vqcodebook128,magnatagatune,2,3,0.8294524053751495,rocauc_score_macro,,
899,vqcodebook128,magnatagatune,2,4,0.828129311269784,rocauc_score_macro,,
900,vqcodebook256,magnatagatune,2,0,0.839940387599573,rocauc_score_macro,,
901,vqcodebook256,magnatagatune,2,1,0.839372872797162,rocauc_score_macro,,
902,vqcodebook256,magnatagatune,2,2,0.839413015515811,rocauc_score_macro,,
903,vqcodebook256,magnatagatune,2,3,0.836806122946443,rocauc_score_macro,,
904,vqcodebook256,magnatagatune,2,4,0.8373327450244388,rocauc_score_macro,,
905,clmr256,magnatagatune,0,0,0.8234447797669318,rocauc_score_macro,,
906,clmr256,magnatagatune,0,1,0.821997390250435,rocauc_score_macro,,
907,clmr256,magnatagatune,0,2,0.8233455206233738,rocauc_score_macro,,
908,clmr256,magnatagatune,0,3,0.8260629072106991,rocauc_score_macro,,
909,clmr256,magnatagatune,0,4,0.8248420870962702,rocauc_score_macro,,
910,clmr256,magnatagatune,1,0,0.8250713973862328,rocauc_score_macro,,
911,clmr256,magnatagatune,1,1,0.8254804518130708,rocauc_score_macro,,
912,clmr256,magnatagatune,1,2,0.8257223744926269,rocauc_score_macro,,
913,clmr256,magnatagatune,1,3,0.826899875374898,rocauc_score_macro,,
914,clmr256,magnatagatune,1,4,0.8250737161190336,rocauc_score_macro,,
